{
  "model_name": "ResNet50_Pretrained",
  "evaluation_timestamp": "2025-12-15T13:02:31.668438",
  "total_samples": 1747,
  "live_samples": 1076,
  "spoof_samples": 671,
  "roc_auc": 0.559667920597898,
  "eer": 0.44052044609665425,
  "eer_threshold": 0.5731797814369202,
  "score_statistics": {
    "mean": 0.5670527815818787,
    "std": 0.054574817419052124,
    "min": 0.3509473204612732,
    "max": 0.7467118501663208
  },
  "operating_points": {
    "threshold_0.5": {
      "threshold": 0.5,
      "accuracy": 0.41728677733257014,
      "precision": 0.3879922530664945,
      "recall": 0.8956780923994039,
      "f1_score": 0.5414414414414415,
      "apcer": 0.8810408921933085,
      "bpcer": 0.10432190760059612,
      "far": 0.8810408921933085,
      "frr": 0.10432190760059612,
      "tp": 601,
      "tn": 128,
      "fp": 948,
      "fn": 70
    },
    "threshold_0.7": {
      "threshold": 0.7,
      "accuracy": 0.6141957641671437,
      "precision": 0.0,
      "recall": 0.0,
      "f1_score": 0.0,
      "apcer": 0.0027881040892193307,
      "bpcer": 1.0,
      "far": 0.0027881040892193307,
      "frr": 1.0,
      "tp": 0,
      "tn": 1073,
      "fp": 3,
      "fn": 671
    },
    "eer_point": {
      "threshold": 0.5731797814369202,
      "accuracy": 0.5603892386949055,
      "precision": 0.44300822561692127,
      "recall": 0.5618479880774963,
      "f1_score": 0.49540078843626806,
      "apcer": 0.44052044609665425,
      "bpcer": 0.43815201192250375,
      "far": 0.44052044609665425,
      "frr": 0.43815201192250375,
      "tp": 377,
      "tn": 602,
      "fp": 474,
      "fn": 294
    }
  }
}