{
  "model_name": "SigNet_F",
  "evaluation_timestamp": "2025-12-15T13:02:36.515813",
  "total_samples": 1747,
  "live_samples": 1076,
  "spoof_samples": 671,
  "roc_auc": 0.39892464778198217,
  "eer": 0.5920074349442379,
  "eer_threshold": 0.9905604720115662,
  "score_statistics": {
    "mean": 0.9889545440673828,
    "std": 0.008863993920385838,
    "min": 0.9263691306114197,
    "max": 0.9996600151062012
  },
  "operating_points": {
    "threshold_0.5": {
      "threshold": 0.5,
      "accuracy": 0.3840870062965083,
      "precision": 0.3840870062965083,
      "recall": 1.0,
      "f1_score": 0.555004135649297,
      "apcer": 1.0,
      "bpcer": 0.0,
      "far": 1.0,
      "frr": 0.0,
      "tp": 671,
      "tn": 0,
      "fp": 1076,
      "fn": 0
    },
    "threshold_0.7": {
      "threshold": 0.7,
      "accuracy": 0.3840870062965083,
      "precision": 0.3840870062965083,
      "recall": 1.0,
      "f1_score": 0.555004135649297,
      "apcer": 1.0,
      "bpcer": 0.0,
      "far": 1.0,
      "frr": 0.0,
      "tp": 671,
      "tn": 0,
      "fp": 1076,
      "fn": 0
    },
    "eer_point": {
      "threshold": 0.9905604720115662,
      "accuracy": 0.40812821980538067,
      "precision": 0.300768386388584,
      "recall": 0.4083457526080477,
      "f1_score": 0.3463969658659924,
      "apcer": 0.5920074349442379,
      "bpcer": 0.5916542473919523,
      "far": 0.5920074349442379,
      "frr": 0.5916542473919523,
      "tp": 274,
      "tn": 439,
      "fp": 637,
      "fn": 397
    }
  }
}