{
  "model_name": "Base_ViT_Pretrained",
  "evaluation_timestamp": "2025-12-15T13:02:25.364981",
  "total_samples": 1747,
  "live_samples": 1076,
  "spoof_samples": 671,
  "roc_auc": 0.4181422057739932,
  "eer": 0.5492565055762082,
  "eer_threshold": 0.3227343261241913,
  "score_statistics": {
    "mean": 0.33967360854148865,
    "std": 0.12899835407733917,
    "min": 0.0537068210542202,
    "max": 0.8059324026107788
  },
  "operating_points": {
    "threshold_0.5": {
      "threshold": 0.5,
      "accuracy": 0.5621064682312535,
      "precision": 0.2863636363636364,
      "recall": 0.09388971684053651,
      "f1_score": 0.1414141414141414,
      "apcer": 0.14591078066914498,
      "bpcer": 0.9061102831594635,
      "far": 0.14591078066914498,
      "frr": 0.9061102831594635,
      "tp": 63,
      "tn": 919,
      "fp": 157,
      "fn": 608
    },
    "threshold_0.7": {
      "threshold": 0.7,
      "accuracy": 0.6101888952489983,
      "precision": 0.0,
      "recall": 0.0,
      "f1_score": 0.0,
      "apcer": 0.00929368029739777,
      "bpcer": 1.0,
      "far": 0.00929368029739777,
      "frr": 1.0,
      "tp": 0,
      "tn": 1066,
      "fp": 10,
      "fn": 671
    },
    "eer_point": {
      "threshold": 0.3227343261241913,
      "accuracy": 0.45163136805953064,
      "precision": 0.3396648044692737,
      "recall": 0.45305514157973176,
      "f1_score": 0.388250319284802,
      "apcer": 0.5492565055762082,
      "bpcer": 0.5469448584202683,
      "far": 0.5492565055762082,
      "frr": 0.5469448584202683,
      "tp": 304,
      "tn": 485,
      "fp": 591,
      "fn": 367
    }
  }
}