{
  "model_name": "Custom_ViT_FineTuned",
  "evaluation_timestamp": "2025-12-15T13:02:17.198708",
  "total_samples": 1747,
  "live_samples": 1076,
  "spoof_samples": 671,
  "roc_auc": 0.5665038310461554,
  "eer": 0.45260223048327136,
  "eer_threshold": 0.5597425699234009,
  "score_statistics": {
    "mean": 0.5464581847190857,
    "std": 0.14466257393360138,
    "min": 0.12821568548679352,
    "max": 0.8733782172203064
  },
  "operating_points": {
    "threshold_0.5": {
      "threshold": 0.5,
      "accuracy": 0.5248998282770464,
      "precision": 0.4265927977839335,
      "recall": 0.6885245901639344,
      "f1_score": 0.5267958950969214,
      "apcer": 0.5771375464684015,
      "bpcer": 0.3114754098360656,
      "far": 0.5771375464684015,
      "frr": 0.3114754098360656,
      "tp": 462,
      "tn": 455,
      "fp": 621,
      "fn": 209
    },
    "threshold_0.7": {
      "threshold": 0.7,
      "accuracy": 0.6038923869490556,
      "precision": 0.4581673306772908,
      "recall": 0.17138599105812222,
      "f1_score": 0.24945770065075923,
      "apcer": 0.12639405204460966,
      "bpcer": 0.8286140089418778,
      "far": 0.12639405204460966,
      "frr": 0.8286140089418778,
      "tp": 115,
      "tn": 940,
      "fp": 136,
      "fn": 556
    },
    "eer_point": {
      "threshold": 0.5597425699234009,
      "accuracy": 0.54779622209502,
      "precision": 0.4304093567251462,
      "recall": 0.5484351713859911,
      "f1_score": 0.48230668414154654,
      "apcer": 0.45260223048327136,
      "bpcer": 0.45156482861400893,
      "far": 0.45260223048327136,
      "frr": 0.45156482861400893,
      "tp": 368,
      "tn": 589,
      "fp": 487,
      "fn": 303
    }
  }
}