model,mean_ms,fps,std_ms
Base_ViT_Pretrained,4.855444431304932,205.95437022255112,1.6153839304306055
ResNet50_Pretrained,4.960036277770996,201.6114286263633,4.62581893806753
Custom_ViT_FineTuned,5.430183410644531,184.15584233117198,6.6601223718432365
