{
  "comparison_timestamp": "2025-12-15T13:02:36.538764",
  "models_evaluated": [
    "Custom_ViT_FineTuned",
    "Base_ViT_Pretrained",
    "ResNet50_Pretrained",
    "SigNet_F"
  ],
  "comparison_table": [
    {
      "model_name": "Custom_ViT_FineTuned",
      "roc_auc": 0.5665038310461554,
      "eer": 0.45260223048327136,
      "eer_threshold": 0.5597425699234009,
      "eer_accuracy": 0.54779622209502,
      "eer_apcer": 0.45260223048327136,
      "eer_bpcer": 0.45156482861400893,
      "eer_f1": 0.48230668414154654,
      "t0.5_accuracy": 0.5248998282770464,
      "t0.5_apcer": 0.5771375464684015,
      "t0.5_bpcer": 0.3114754098360656,
      "t0.5_f1": 0.5267958950969214,
      "t0.7_accuracy": 0.6038923869490556,
      "t0.7_apcer": 0.12639405204460966,
      "t0.7_bpcer": 0.8286140089418778,
      "t0.7_f1": 0.24945770065075923
    },
    {
      "model_name": "Base_ViT_Pretrained",
      "roc_auc": 0.4181422057739932,
      "eer": 0.5492565055762082,
      "eer_threshold": 0.3227343261241913,
      "eer_accuracy": 0.45163136805953064,
      "eer_apcer": 0.5492565055762082,
      "eer_bpcer": 0.5469448584202683,
      "eer_f1": 0.388250319284802,
      "t0.5_accuracy": 0.5621064682312535,
      "t0.5_apcer": 0.14591078066914498,
      "t0.5_bpcer": 0.9061102831594635,
      "t0.5_f1": 0.1414141414141414,
      "t0.7_accuracy": 0.6101888952489983,
      "t0.7_apcer": 0.00929368029739777,
      "t0.7_bpcer": 1.0,
      "t0.7_f1": 0.0
    },
    {
      "model_name": "ResNet50_Pretrained",
      "roc_auc": 0.559667920597898,
      "eer": 0.44052044609665425,
      "eer_threshold": 0.5731797814369202,
      "eer_accuracy": 0.5603892386949055,
      "eer_apcer": 0.44052044609665425,
      "eer_bpcer": 0.43815201192250375,
      "eer_f1": 0.49540078843626806,
      "t0.5_accuracy": 0.41728677733257014,
      "t0.5_apcer": 0.8810408921933085,
      "t0.5_bpcer": 0.10432190760059612,
      "t0.5_f1": 0.5414414414414415,
      "t0.7_accuracy": 0.6141957641671437,
      "t0.7_apcer": 0.0027881040892193307,
      "t0.7_bpcer": 1.0,
      "t0.7_f1": 0.0
    },
    {
      "model_name": "SigNet_F",
      "roc_auc": 0.39892464778198217,
      "eer": 0.5920074349442379,
      "eer_threshold": 0.9905604720115662,
      "eer_accuracy": 0.40812821980538067,
      "eer_apcer": 0.5920074349442379,
      "eer_bpcer": 0.5916542473919523,
      "eer_f1": 0.3463969658659924,
      "t0.5_accuracy": 0.3840870062965083,
      "t0.5_apcer": 1.0,
      "t0.5_bpcer": 0.0,
      "t0.5_f1": 0.555004135649297,
      "t0.7_accuracy": 0.3840870062965083,
      "t0.7_apcer": 1.0,
      "t0.7_bpcer": 0.0,
      "t0.7_f1": 0.555004135649297
    }
  ],
  "best_model_by_auc": "Custom_ViT_FineTuned",
  "best_model_by_eer": "ResNet50_Pretrained",
  "best_model_by_accuracy": "Base_ViT_Pretrained"
}