{
  "Custom_ViT_FineTuned": {
    "model_name": "Custom_ViT_FineTuned",
    "live_scores": {
      "mean": 0.5322211902881041,
      "std": 0.1452498915478798,
      "median": 0.54096615,
      "min": 0.12821569,
      "max": 0.8733782,
      "q25": 0.42526805,
      "q75": 0.635638985
    },
    "spoof_scores": {
      "mean": 0.5692882979880776,
      "std": 0.14074078252635555,
      "median": 0.57816565,
      "min": 0.24172224,
      "max": 0.8617088,
      "q25": 0.47833743500000003,
      "q75": 0.65049405
    },
    "separation_metrics": {
      "mean_difference": 0.037067107699973456,
      "cohen_d": 0.25918678282389296,
      "overlap_percentage": 40.35489410417859
    }
  },
  "Base_ViT_Pretrained": {
    "model_name": "Base_ViT_Pretrained",
    "live_scores": {
      "mean": 0.3547719079925651,
      "std": 0.13385802579392267,
      "median": 0.33906634,
      "min": 0.068942375,
      "max": 0.8059324,
      "q25": 0.2539004,
      "q75": 0.4390148825
    },
    "spoof_scores": {
      "mean": 0.31546237885245904,
      "std": 0.11679229989246771,
      "median": 0.3084295,
      "min": 0.05370682,
      "max": 0.6459652,
      "q25": 0.225577535,
      "q75": 0.3902449
    },
    "separation_metrics": {
      "mean_difference": -0.03930952914010605,
      "cohen_d": -0.3129358119938913,
      "overlap_percentage": 60.21751574127075
    }
  },
  "ResNet50_Pretrained": {
    "model_name": "ResNet50_Pretrained",
    "live_scores": {
      "mean": 0.5631843279460966,
      "std": 0.05497346751076279,
      "median": 0.563406465,
      "min": 0.35097033,
      "max": 0.74671185,
      "q25": 0.526769675,
      "q75": 0.60044438
    },
    "spoof_scores": {
      "mean": 0.5732561211177347,
      "std": 0.05334698649287146,
      "median": 0.5801786,
      "min": 0.35094732,
      "max": 0.6855059,
      "q25": 0.53884165,
      "q75": 0.6074134250000001
    },
    "separation_metrics": {
      "mean_difference": 0.010071793171638088,
      "cohen_d": 0.18594194500460925,
      "overlap_percentage": 38.236977676016025
    }
  },
  "SigNet_F": {
    "model_name": "SigNet_F",
    "live_scores": {
      "mean": 0.9896097552509292,
      "std": 0.009185614177732405,
      "median": 0.99219773,
      "min": 0.92636913,
      "max": 0.99966,
      "q25": 0.9868465750000001,
      "q75": 0.9956064375
    },
    "spoof_scores": {
      "mean": 0.9879040085991059,
      "std": 0.00821397710481537,
      "median": 0.98933595,
      "min": 0.94581735,
      "max": 0.9990246,
      "q25": 0.98528173,
      "q75": 0.992952465
    },
    "separation_metrics": {
      "mean_difference": -0.0017057466518233255,
      "cohen_d": -0.1957624450915429,
      "overlap_percentage": 67.71608471665712
    }
  }
}