model,live_mean,spoof_mean,mean_diff,cohen_d,overlap_pct
Custom_ViT_FineTuned,0.5322211902881041,0.5692882979880776,0.037067107699973456,0.25918678282389296,40.35489410417859
ResNet50_Pretrained,0.5631843279460966,0.5732561211177347,0.010071793171638088,0.18594194500460925,38.236977676016025
SigNet_F,0.9896097552509292,0.9879040085991059,-0.0017057466518233255,-0.1957624450915429,67.71608471665712
Base_ViT_Pretrained,0.3547719079925651,0.31546237885245904,-0.03930952914010605,-0.3129358119938913,60.21751574127075
